{"a": 0, "True Heading": 121.18248242119083, "Ground Speed": 119.12917645704037, "Leg Time": 63.07304785894206, "Fuel Required": 11.9}