{"testKey1": 0, "testKey2": 42, "testKey3": 2319, "Leg Time": 120.0, "Fuel Required": 14.083333333333334, "True Heading": 84.90014834197817, "Ground Speed": 118.36634111210782}